Domain,Status,Attractiveness,Demand,Length,Sectors,Created,Expires,Registrar
one.tennis,resell,132,44%,3,"Business,General,Media,Technology",23/04/2023 00:22,23/04/2030 00:22,Automattic Inc.
brief.tennis,available,124,19%,5,"Business,Education,General,Law",,,
second.tennis,available,120,23%,6,"General,Mathematics",,,
complete.tennis,available,120,21%,8,"Manufacturing,Retail,Technology",,,
wizard.tennis,available,118,42%,6,"Entertainment,Media,Technology",,,
tenth.tennis,available,116,7%,5,Mathematics,,,
equal.tennis,available,116,19%,5,"Education,General,Law",,,
flat.tennis,available,116,24%,4,"Construction,Real Estate",,,
tonic.tennis,available,114,22%,5,"Health and Fitness,Medicine,Science",,,
acute.tennis,available,112,9%,5,"Mathematics,Medicine,Science",,,
above.tennis,available,112,22%,5,Business,,,
zero.tennis,available,112,49%,4,Mathematics,,,
hotshot.tennis,available,112,14%,7,"Business,Entertainment,Sports",,,
abstract.tennis,available,108,29%,8,"Arts,Humanities,Science",,,
abiding.tennis,available,106,5%,7,"General,Religion",,,
teen.tennis,available,104,14%,4,"Education,Entertainment,Healthcare",,,
eight.tennis,available,102,23%,5,"General,Mathematics",,,
captive.tennis,available,102,14%,7,"Entertainment,Hospitality,Technology",,,
extra.tennis,available,102,26%,5,"Fashion,Retail,Technology",,,
absent.tennis,available,102,8%,6,"Business,Education,Technology",,,
sixth.tennis,available,100,8%,5,Mathematics,,,
abrupt.tennis,available,100,3%,6,"Medicine,Science",,,
ninth.tennis,available,100,9%,5,Mathematics,,,
adjunct.tennis,available,100,5%,7,Education,,,
third.tennis,available,100,16%,5,Mathematics,,,
eighth.tennis,available,100,6%,6,Mathematics,,,
crack.tennis,available,100,20%,5,Sports,,,
whiz.tennis,available,100,12%,4,"Business,Education,Technology",,,
remove.tennis,available,100,13%,6,"Construction,Manufacturing,Technology",,,
genius.tennis,available,98,46%,6,"Arts,Education,Technology",,,
whizz.tennis,available,98,11%,5,"Business,Education,Technology",,,
academic.tennis,available,96,20%,8,"Education,Humanities,Science",,,
doable.tennis,available,96,9%,6,"Business,Education,Technology",,,
actual.tennis,available,96,22%,6,"Real Estate,Retail,Technology",,,
alamode.tennis,available,96,12%,9,Fashion,,,
forgiving.tennis,available,96,3%,9,"Healthcare,Religion",,,
about.tennis,available,94,28%,5,"Business,General,Media,Technology",,,
virtuoso.tennis,available,94,16%,8,"Arts,Entertainment",,,
abject.tennis,available,94,7%,6,Humanities,,,
around.tennis,available,94,22%,6,"Business,General,Media,Technology",,,
adequate.tennis,available,94,9%,8,"Education,Healthcare,Technology",,,
next.tennis,available,92,43%,4,"Retail,Technology,Transportation",,,
adept.tennis,available,92,24%,5,"Education,Health and Fitness,Sports",,,
derelict.tennis,available,92,7%,8,"Construction,Real Estate",,,
twentieth.tennis,available,92,3%,9,Mathematics,,,
exemplary.tennis,available,92,5%,9,"Business,Education,Healthcare",,,
adjective.tennis,available,92,5%,9,Education,,,
abroad.tennis,available,92,12%,6,"Hospitality,Travel",,,
nought.tennis,available,92,4%,6,Mathematics,,,
neutral.tennis,available,92,20%,7,"Business,Media,Politics",,,
leash.tennis,available,90,7%,5,"General,Health and Fitness,Retail",,,
clear.tennis,available,90,47%,5,"Manufacturing,Retail,Technology",,,
endearing.tennis,available,90,1%,9,"Entertainment,Fashion,Retail",,,
riveting.tennis,available,90,6%,8,"Entertainment,Media,Technology",,,
adoring.tennis,available,90,2%,7,"Entertainment,Fashion,Retail",,,
additional.tennis,available,90,8%,10,"Fashion,Retail,Technology",,,
addictive.tennis,available,90,9%,9,Healthcare,,,
abortive.tennis,available,90,1%,8,"Medicine,Science",,,
gripping.tennis,available,90,3%,8,"Entertainment,Media,Technology",,,
adlib.tennis,available,88,7%,6,Entertainment,,,
twelve.tennis,available,88,18%,6,"General,Mathematics",,,
sixteen.tennis,available,88,11%,7,Mathematics,,,
wide.tennis,available,88,18%,4,"Business,Media,Technology",,,
three.tennis,available,88,24%,5,Mathematics,,,
activist.tennis,available,88,12%,8,"Humanities,Politics",,,
actionable.tennis,available,88,13%,10,"Business,Law",,,
ace.tennis,available,88,34%,3,Sports,,,
fifteen.tennis,available,88,13%,7,Mathematics,,,
ten.tennis,available,88,28%,3,"General,Mathematics",,,
hundred.tennis,available,88,14%,7,Mathematics,,,
eleven.tennis,available,88,33%,6,Mathematics,,,
proficient.tennis,available,88,8%,10,"Education,Health and Fitness,Sports",,,
xiv.tennis,available,86,12%,3,Mathematics,,,
cipher.tennis,available,86,29%,6,Mathematics,,,
star.tennis,resell,86,40%,4,"Entertainment,Media,Sports",19/01/2020 05:08,19/01/2026 05:08,"GoDaddy.com, LLC"
adolescent.tennis,available,86,3%,10,"Education,Entertainment,Healthcare",,,
attendant.tennis,available,86,5%,9,"Healthcare,Hospitality,Transportation",,,
extempore.tennis,available,86,3%,9,Entertainment,,,
xix.tennis,available,86,11%,3,Mathematics,,,
aboriginal.tennis,available,86,10%,10,Humanities,,,
intent.tennis,available,86,25%,6,"Business,Education,Technology",,,
recondite.tennis,available,86,4%,9,"Arts,Humanities,Science",,,
engrossing.tennis,available,86,0%,10,"Entertainment,Media,Technology",,,
nineteen.tennis,available,84,8%,8,Mathematics,,,
fourteen.tennis,available,84,8%,8,Mathematics,,,
acting.tennis,available,84,12%,6,Entertainment,,,
adjustable.tennis,available,84,3%,10,"Manufacturing,Retail,Technology",,,
twentyone.tennis,available,84,13%,10,Mathematics,,,
thousand.tennis,available,84,8%,8,Mathematics,,,
seventeen.tennis,available,84,7%,9,Mathematics,,,
twentytwo.tennis,available,84,11%,10,Mathematics,,,
grand.tennis,available,84,25%,5,"Finance,General",,,
sharp.tennis,available,84,34%,5,"Arts,Fashion",,,
accessory.tennis,available,84,8%,9,"Fashion,Retail,Technology",,,
thirteen.tennis,available,84,10%,8,Mathematics,,,
deviate.tennis,available,84,12%,7,"Medicine,Science",,,
impromptu.tennis,available,82,16%,9,Entertainment,,,
dozen.tennis,available,82,10%,5,Mathematics,,,
cleansing.tennis,available,82,3%,9,Health and Fitness,,,
abroach.tennis,available,82,1%,7,Food and Beverage,,,
absorbent.tennis,available,82,3%,9,"Healthcare,Manufacturing,Retail",,,
fivesome.tennis,available,82,1%,8,Sports,,,
altered.tennis,available,82,9%,7,"Medicine,Science",,,
abkhaz.tennis,available,82,1%,6,Geography,,,
abenaki.tennis,available,82,2%,7,Geography,,,
abdominal.tennis,available,82,1%,9,"Health and Fitness,Medicine",,,
enduring.tennis,available,82,9%,8,"Health and Fitness,Religion",,,
good.tennis,available,82,47%,4,"Food and Beverage,General,Health and Fitness,Retail",,,
decade.tennis,available,82,10%,6,Mathematics,,,
able.tennis,available,80,29%,4,"Business,Education,General,Technology",,,
wiz.tennis,available,80,30%,3,"Business,Education,Technology",,,
twenty.tennis,available,80,12%,6,Mathematics,,,
absurd.tennis,available,80,16%,6,"Arts,Entertainment,Media",,,
two.tennis,available,80,24%,3,Mathematics,,,
seventh.tennis,available,80,10%,7,Mathematics,,,
adoptable.tennis,available,80,3%,9,"Education,Healthcare",,,
capable.tennis,available,80,12%,7,"Business,Education,Technology",,,
some.tennis,available,80,32%,4,"Business,Media,Retail",,,
yard.tennis,available,80,26%,4,"Construction,General",,,
first.tennis,available,80,36%,5,"General,Mathematics",,,
absorbable.tennis,available,80,0%,10,"Healthcare,Pharmaceuticals,Science",,,
forty.tennis,available,80,9%,5,Mathematics,,,
sequent.tennis,available,80,7%,7,"Healthcare,Insurance,Transportation",,,
absolute.tennis,available,80,25%,8,"Engineering,Mathematics,Science",,,
dorsal.tennis,available,80,6%,6,"Medicine,Science",,,
worshipful.tennis,available,80,1%,10,"Education,Healthcare,Religion",,,
trio.tennis,available,80,21%,4,Entertainment,,,
abundant.tennis,available,80,19%,8,"Agriculture,Manufacturing,Retail",,,
superstar.tennis,available,80,18%,9,Entertainment,,,
nine.tennis,available,80,24%,4,"General,Mathematics",,,
accidental.tennis,available,78,11%,10,"Healthcare,Insurance,Transportation",,,
accurate.tennis,available,78,16%,8,"Engineering,Mathematics,Science",,,
low.tennis,available,78,20%,3,"Business,Finance",,,
recognized.tennis,available,78,3%,10,"Business,Education,Technology",,,
adrenal.tennis,available,78,4%,7,"Education,Healthcare,Science",,,
abounding.tennis,available,78,2%,9,Agriculture,,,
recognised.tennis,available,78,3%,10,"Business,Education,Technology",,,
honestly.tennis,available,78,9%,8,"Business,Law",,,
dormant.tennis,available,78,4%,7,"Medicine,Science",,,
twentysix.tennis,available,78,8%,10,Mathematics,,,
adorable.tennis,available,78,8%,8,"Entertainment,Fashion,Retail",,,
adjacent.tennis,available,78,9%,8,"Construction,Real Estate,Retail",,,
abkhazian.tennis,available,78,1%,9,Geography,,,
accessible.tennis,available,78,21%,10,"Healthcare,Retail,Technology",,,
sixtynine.tennis,available,78,8%,10,Mathematics,,,
athletic.tennis,available,78,15%,8,"Health and Fitness,Sports",,,
acceptant.tennis,available,78,1%,9,"Education,Healthcare",,,
abkhasian.tennis,available,78,1%,9,Geography,,,
accepted.tennis,available,78,6%,8,"Business,Education,Technology",,,
absorptive.tennis,available,78,1%,10,"Healthcare,Manufacturing,Retail",,,
acceptable.tennis,available,78,5%,10,"Business,Hospitality,Retail",,,
abrasive.tennis,available,76,6%,8,"Construction,Manufacturing",,,
incidental.tennis,available,76,4%,10,"Healthcare,Insurance,Transportation",,,
threed.tennis,available,76,7%,7,Technology,,,
eighteen.tennis,available,76,7%,8,Mathematics,,,
adaptive.tennis,available,76,28%,8,"Business,Education,Technology",,,
ancillary.tennis,available,76,6%,9,"Healthcare,Manufacturing,Technology",,,
diamond.tennis,available,76,32%,7,Fashion,,,
ventral.tennis,available,76,3%,7,Science,,,
fifteenth.tennis,available,76,2%,9,Mathematics,,,
energizing.tennis,available,76,3%,10,"Food and Beverage,Health and Fitness,Travel",,,
ague.tennis,available,76,2%,4,"Geography,Medicine,Science",,,
improvise.tennis,available,76,4%,9,Entertainment,,,
fourteenth.tennis,available,76,1%,10,Mathematics,,,
thirteenth.tennis,available,76,4%,10,Mathematics,,,
adhesive.tennis,available,76,7%,8,"Construction,Manufacturing,Technology",,,
adipose.tennis,available,76,2%,7,"Healthcare,Science",,,
auxiliary.tennis,available,76,7%,9,"Healthcare,Manufacturing,Technology",,,
resultant.tennis,available,76,2%,9,"Healthcare,Insurance,Transportation",,,
obscene.tennis,available,76,5%,7,"Entertainment,Media",,,
acoustic.tennis,available,76,14%,8,Science,,,
adaptable.tennis,available,76,9%,9,"Business,Education,Technology",,,
firstrate.tennis,available,76,6%,10,Business,,,
hundredth.tennis,available,76,1%,9,Mathematics,,,
addable.tennis,available,76,2%,7,"Engineering,Mathematics,Science",,,
adherent.tennis,available,76,4%,8,"Politics,Religion",,,
thousandth.tennis,available,76,1%,10,Mathematics,,,
nineteenth.tennis,available,76,3%,10,Mathematics,,,
abnormal.tennis,available,74,16%,8,"Medicine,Science",,,
aberrant.tennis,available,74,6%,8,"Medicine,Science",,,
realizable.tennis,available,74,1%,10,"Business,Education,Technology",,,
adrenergic.tennis,available,74,1%,10,"Education,Healthcare,Science",,,
skilful.tennis,available,74,3%,7,"Education,Health and Fitness,Sports",,,
achievable.tennis,available,74,4%,10,"Business,Education,Technology",,,
sensation.tennis,available,74,7%,9,"Entertainment,Media,Sports",,,
mavin.tennis,available,74,7%,5,"Entertainment,Fashion,Technology",,,
adapted.tennis,available,74,6%,7,"Healthcare,Manufacturing,Technology",,,
manageable.tennis,available,74,4%,10,"Business,Education,Technology",,,
accepting.tennis,available,74,3%,9,"Education,Healthcare",,,
adamant.tennis,available,74,14%,7,Religion,,,
acuate.tennis,available,74,2%,6,"Engineering,Medicine,Science",,,
supra.tennis,available,74,25%,5,"Medicine,Science",,,
activated.tennis,available,74,9%,9,"Healthcare,Manufacturing,Technology",,,
single.tennis,available,74,19%,6,Sports,,,
admirable.tennis,available,74,5%,9,"Business,Education,Healthcare",,,
cleared.tennis,available,74,7%,7,"Healthcare,Law,Transportation",,,
broad.tennis,available,74,13%,5,"Entertainment,General,Media",,,
playing.tennis,resell,74,12%,7,Entertainment,17/05/2015 16:00,17/05/2026 16:00,1API GmbH
adenoid.tennis,available,74,1%,7,"Health and Fitness,Medicine,Science",,,
absolutist.tennis,available,72,1%,10,"Humanities,Law,Politics",,,
existent.tennis,available,72,3%,8,"Mathematics,Science",,,
lovely.tennis,available,72,26%,6,"Entertainment,Fashion,Retail",,,
seventieth.tennis,available,72,1%,10,Mathematics,,,
champion.tennis,available,72,28%,8,"Entertainment,Health and Fitness,Sports",,,
deep.tennis,available,72,41%,4,"Engineering,Mathematics,Science",,,
aching.tennis,available,72,4%,6,Healthcare,,,
addicted.tennis,available,72,9%,8,Healthcare,,,
abreast.tennis,available,72,2%,7,"Business,Technology",,,
engrossed.tennis,available,72,1%,9,"Entertainment,Media,Technology",,,
trey.tennis,available,72,14%,4,Sports,,,
trinity.tennis,available,72,18%,7,Religion,,,
ninetieth.tennis,available,72,1%,9,Mathematics,,,
sixtieth.tennis,available,72,1%,8,Mathematics,,,
ternary.tennis,available,72,7%,7,Mathematics,,,
improvize.tennis,available,72,1%,9,Entertainment,,,
adjunctive.tennis,available,72,1%,10,"Healthcare,Manufacturing,Technology",,,
adjectival.tennis,available,72,1%,10,Education,,,
liv.tennis,available,72,27%,3,Mathematics,,,
accustomed.tennis,available,72,1%,10,"Business,Education,Humanities",,,
adonic.tennis,available,72,2%,6,"Arts,Education,Entertainment",,,
abloom.tennis,available,72,5%,6,Agriculture,,,
ablaze.tennis,available,72,6%,6,Entertainment,,,
accusative.tennis,available,72,0%,10,"Humanities,Law",,,
absorbed.tennis,available,72,2%,8,"Entertainment,Media,Technology",,,
adiabatic.tennis,available,72,3%,9,"Engineering,Science",,,
adaptative.tennis,available,72,1%,10,"Business,Education,Technology",,,
eightieth.tennis,available,72,1%,9,Mathematics,,,
absorbing.tennis,available,70,3%,9,"Entertainment,Media,Technology",,,
consequent.tennis,available,70,3%,10,"Business,Education,General,Technology",,,
stillborn.tennis,available,70,2%,9,"Medicine,Science",,,
unity.tennis,available,70,40%,5,Mathematics,,,
adamantine.tennis,available,70,4%,10,Religion,,,
accumbent.tennis,available,70,1%,9,"Healthcare,Medicine,Science",,,
gymnastic.tennis,available,70,3%,9,"Entertainment,Sports",,,
skillful.tennis,available,70,9%,8,"Education,Health and Fitness,Sports",,,
offhand.tennis,available,70,2%,7,Entertainment,,,
adored.tennis,available,70,6%,6,"Entertainment,Fashion,Retail",,,
miserable.tennis,available,70,4%,9,Humanities,,,
abradant.tennis,available,70,1%,8,"Construction,Manufacturing",,,
recumbent.tennis,available,70,2%,9,"Healthcare,Medicine,Science",,,
tiptop.tennis,available,70,24%,6,Fashion,,,
admired.tennis,available,70,5%,7,"Business,Education,Healthcare",,,
acuminate.tennis,available,70,1%,9,"Engineering,Medicine,Science",,,
practiced.tennis,available,70,3%,9,"Education,Health and Fitness,Sports",,,
abulic.tennis,available,70,1%,6,Medicine,,,
lowdown.tennis,available,70,6%,8,"Entertainment,Media",,,
adjusted.tennis,available,70,5%,8,"Manufacturing,Retail,Technology",,,
achaean.tennis,available,68,2%,7,Humanities,,,
thirtieth.tennis,available,68,1%,9,Mathematics,,,
abducent.tennis,available,68,0%,8,Medicine,,,
disciple.tennis,available,68,14%,8,"Education,Religion",,,
aberdonian.tennis,available,68,1%,10,Geography,,,
decorated.tennis,available,68,3%,9,"Entertainment,Fashion,Retail",,,
aroused.tennis,available,68,3%,7,"Entertainment,Health and Fitness",,,
licensed.tennis,available,68,5%,8,"Business,Healthcare,Insurance",,,
scurvy.tennis,available,68,3%,6,Humanities,,,
licenced.tennis,available,68,2%,8,"Business,Healthcare,Insurance",,,
vindicated.tennis,available,68,2%,10,"Humanities,Law,Politics",,,
abnaki.tennis,available,68,1%,6,Geography,,,
overseas.tennis,available,68,12%,8,"Hospitality,Travel",,,
sevener.tennis,available,68,1%,7,Mathematics,,,
acerate.tennis,available,68,1%,7,Science,,,
activating.tennis,available,68,3%,10,"Healthcare,Manufacturing,Technology",,,
threesome.tennis,available,68,5%,9,Entertainment,,,
abkhas.tennis,available,68,0%,6,Geography,,,
achaian.tennis,available,68,2%,7,Humanities,,,
octonary.tennis,available,68,1%,8,Mathematics,,,
ablative.tennis,available,68,3%,8,Science,,,
fortieth.tennis,available,68,0%,8,Mathematics,,,
stygian.tennis,available,68,5%,7,Humanities,,,
accredited.tennis,available,68,9%,10,"Business,Education,Healthcare",,,
septenary.tennis,available,68,1%,9,Mathematics,,,
aculeate.tennis,available,68,1%,8,"Engineering,Medicine,Science",,,
foursome.tennis,available,68,4%,8,Sports,,,
fiftieth.tennis,available,68,0%,8,Mathematics,,,
ennead.tennis,available,68,5%,6,Mathematics,,,
ane.tennis,available,68,12%,3,Mathematics,,,
abstinent.tennis,available,66,1%,9,"Health and Fitness,Religion",,,
accessary.tennis,available,66,1%,9,"Business,Law,Technology",,,
modish.tennis,available,66,5%,6,Fashion,,,
four.tennis,available,66,27%,4,Mathematics,,,
acervate.tennis,available,66,1%,8,Science,,,
xvii.tennis,available,66,5%,4,Mathematics,,,
xii.tennis,available,66,10%,3,Mathematics,,,
performing.tennis,available,66,6%,10,Entertainment,,,
maven.tennis,available,66,30%,5,"Entertainment,Fashion,Technology",,,
xviii.tennis,available,66,5%,5,Mathematics,,,
according.tennis,available,66,3%,9,"Business,Education,Technology",,,
xxv.tennis,available,66,6%,3,Mathematics,,,
clv.tennis,available,66,10%,3,Mathematics,,,
thirty.tennis,available,66,8%,6,Mathematics,,,
xvi.tennis,available,66,5%,3,Mathematics,,,
onec.tennis,available,66,6%,5,Mathematics,,,
xxvi.tennis,available,66,3%,4,Mathematics,,,
xiii.tennis,available,66,9%,4,Mathematics,,,
five.tennis,available,66,26%,4,Mathematics,,,
xxii.tennis,available,66,6%,4,Mathematics,,,
xxi.tennis,available,66,10%,3,Mathematics,,,
adorned.tennis,available,66,5%,7,"Entertainment,Fashion,Retail",,,
tenner.tennis,available,66,5%,6,Finance,,,
century.tennis,available,66,17%,7,Education,,,
six.tennis,available,66,26%,3,Mathematics,,,
teenager.tennis,available,66,4%,8,"Education,Entertainment,Healthcare",,,
acrobatic.tennis,available,66,4%,9,"Entertainment,Sports",,,
ninety.tennis,available,66,11%,6,Mathematics,,,
sextet.tennis,available,66,1%,6,Entertainment,,,
latest.tennis,available,66,18%,6,Technology,,,
eighty.tennis,available,66,6%,6,Mathematics,,,
fifty.tennis,available,66,12%,5,Mathematics,,,
acappella.tennis,available,66,6%,10,Entertainment,,,
adopted.tennis,available,66,4%,7,"Education,Healthcare",,,
exonerated.tennis,available,66,2%,10,"Humanities,Law,Politics",,,
buzzing.tennis,available,66,7%,7,"Entertainment,Media,Technology",,,
adagio.tennis,available,64,14%,6,Entertainment,,,
accordant.tennis,available,64,3%,9,"Arts,Entertainment",,,
rising.tennis,available,64,18%,6,"Construction,Manufacturing,Real Estate",,,
nondrinker.tennis,available,64,1%,10,"Health and Fitness,Religion",,,
absolved.tennis,available,64,1%,8,"Humanities,Law,Religion",,,
acentric.tennis,available,64,2%,8,Science,,,
ccc.tennis,available,64,38%,3,Mathematics,,,
astringent.tennis,available,64,1%,10,"Healthcare,Pharmaceuticals",,,
deviant.tennis,available,64,12%,7,"Medicine,Science",,,
aflame.tennis,available,64,3%,6,Entertainment,,,
scatty.tennis,available,64,1%,6,"Arts,Entertainment,Media",,,
pungent.tennis,available,62,1%,7,Food and Beverage,,,
sixteenth.tennis,available,62,1%,9,Mathematics,,,
accrued.tennis,available,62,2%,7,"Banking,Finance,Insurance",,,
longdozen.tennis,available,62,2%,10,Mathematics,,,
ensuant.tennis,available,62,1%,7,"Healthcare,Insurance,Transportation",,,
roughly.tennis,available,62,3%,7,"Business,Media,Technology",,,
cumulative.tennis,available,62,2%,10,"Banking,Finance,Insurance",,,
admissible.tennis,available,62,1%,10,"Education,Healthcare,Law",,,
accusing.tennis,available,62,1%,8,Law,,,
eleventh.tennis,available,62,5%,8,Mathematics,,,
adoptive.tennis,available,62,1%,8,"Education,Healthcare",,,
adjuvant.tennis,available,62,5%,8,"Healthcare,Manufacturing,Technology",,,
abo.tennis,available,62,15%,3,Science,,,
chiliad.tennis,available,62,2%,7,Mathematics,,,
nail.tennis,available,62,16%,4,"Construction,Fashion,General,Retail",,,
activation.tennis,available,62,16%,10,"Healthcare,Manufacturing,Technology",,,
wrapped.tennis,available,62,13%,7,"Fashion,Hospitality,Retail",,,
activistic.tennis,available,62,1%,10,"Humanities,Politics",,,
eighteenth.tennis,available,62,1%,10,Mathematics,,,
aufait.tennis,available,62,3%,7,"Fashion,Media",,,
quartet.tennis,available,62,7%,7,"Arts,Entertainment",,,
orso.tennis,available,62,9%,5,"Business,Media,Technology",,,
exculpated.tennis,available,62,1%,10,"Humanities,Law,Politics",,,
troika.tennis,available,62,8%,6,Politics,,,
aborigine.tennis,available,62,1%,9,Humanities,,,
acidic.tennis,available,62,5%,6,"Food and Beverage,Science",,,
twodozen.tennis,available,62,1%,9,Mathematics,,,
playacting.tennis,available,62,1%,10,Entertainment,,,
fortyfour.tennis,available,62,6%,10,Mathematics,,,
cautionary.tennis,available,60,1%,10,"Business,Education,Healthcare",,,
xcl.tennis,available,60,5%,3,Mathematics,,,
cxlv.tennis,available,60,2%,4,Mathematics,,,
idolized.tennis,available,60,3%,8,"Entertainment,Fashion,Retail",,,
clxxx.tennis,available,60,1%,5,Mathematics,,,
abstemious.tennis,available,60,0%,10,"Food and Beverage,Health and Fitness,Hospitality",,,
cxxx.tennis,available,60,4%,4,Mathematics,,,
clxv.tennis,available,60,1%,4,Mathematics,,,
octet.tennis,available,60,12%,5,Arts,,,
aboveboard.tennis,available,60,5%,10,"Business,Law",,,
adnexal.tennis,available,60,1%,7,"Agriculture,Manufacturing,Retail",,,
clx.tennis,available,60,10%,3,Mathematics,,,
eightysix.tennis,available,60,7%,10,Mathematics,,,
clxx.tennis,available,60,3%,4,Mathematics,,,
cxxxv.tennis,available,60,2%,5,Mathematics,,,
annexal.tennis,available,60,1%,7,"Agriculture,Manufacturing,Retail",,,
acceptive.tennis,available,60,1%,9,"Education,Healthcare",,,
cxxv.tennis,available,60,1%,4,Mathematics,,,
abstainer.tennis,available,60,0%,9,"Health and Fitness,Religion",,,
adnate.tennis,available,60,1%,6,"Agriculture,Manufacturing,Retail",,,
cxx.tennis,available,60,10%,3,Mathematics,,,
idolised.tennis,available,60,1%,8,"Entertainment,Fashion,Retail",,,
cxl.tennis,available,60,7%,3,Mathematics,,,
thou.tennis,available,60,7%,4,Mathematics,,,
cxv.tennis,available,60,4%,3,Mathematics,,,
clxxv.tennis,available,60,1%,5,Mathematics,,,
paunchy.tennis,available,60,0%,7,"Health and Fitness,Medicine",,,
tertiary.tennis,available,60,4%,8,Education,,,
sixty.tennis,available,60,13%,5,Mathematics,,,
abashed.tennis,available,60,1%,7,Humanities,,,
tercet.tennis,available,59,2%,6,"Arts,Entertainment,Media",,,
seventy.tennis,available,58,7%,7,Mathematics,,,
sixtyone.tennis,available,58,3%,9,Mathematics,,,
offhanded.tennis,available,58,1%,9,Entertainment,,,
abandoned.tennis,available,58,10%,9,"Construction,Real Estate",,,
adient.tennis,available,58,4%,6,"Medicine,Science",,,
quintet.tennis,available,58,8%,7,"Arts,Entertainment",,,
adhoc.tennis,available,58,24%,6,"Business,Engineering,Technology",,,
sextuplet.tennis,available,58,1%,9,Healthcare,,,
acetic.tennis,available,58,1%,6,"Food and Beverage,Science",,,
twelfth.tennis,available,58,2%,7,Mathematics,,,
alacarte.tennis,available,58,11%,10,Food and Beverage,,,
fourth.tennis,available,58,13%,6,Mathematics,,,
lxxx.tennis,available,58,2%,4,Mathematics,,,
justabout.tennis,available,58,3%,10,"Business,Media,Technology",,,
linear.tennis,available,58,22%,6,"Engineering,Mathematics,Science",,,
centesimal.tennis,available,58,1%,10,Mathematics,,,
seven.tennis,available,58,36%,5,Mathematics,,,
lxxviii.tennis,available,58,1%,7,Mathematics,,,
addible.tennis,available,58,2%,7,"Engineering,Mathematics,Science",,,
actuarial.tennis,available,58,8%,9,"Finance,Insurance,Mathematics",,,
sixer.tennis,available,58,5%,5,Sports,,,
addressed.tennis,available,58,3%,9,"Business,Technology,Telecommunications",,,
closeto.tennis,available,58,3%,8,"Business,Media,Technology",,,
ache.tennis,available,58,7%,4,Healthcare,,,
tetrad.tennis,available,58,5%,6,Mathematics,,,
abuzz.tennis,available,58,5%,5,"Entertainment,Media,Technology",,,
accented.tennis,available,58,3%,8,"Arts,Entertainment",,,
cypher.tennis,available,58,29%,6,Mathematics,,,
abridged.tennis,available,58,4%,8,Media,,,
eighter.tennis,available,58,2%,7,Mathematics,,,
heptad.tennis,available,58,1%,6,Mathematics,,,
pentad.tennis,available,58,2%,6,Mathematics,,,
acyclic.tennis,available,58,4%,7,"Engineering,Mathematics,Science",,,
abused.tennis,available,58,5%,6,"Healthcare,Law",,,
enwrapped.tennis,available,58,0%,9,"Entertainment,Fashion,Media",,,
fourscore.tennis,available,58,4%,9,Mathematics,,,
octad.tennis,available,58,5%,5,Mathematics,,,
fifth.tennis,available,58,12%,5,Mathematics,,,
accretive.tennis,available,58,6%,9,"Banking,Finance,Insurance",,,
niner.tennis,available,58,5%,5,Mathematics,,,
adjustive.tennis,available,58,1%,9,"Manufacturing,Retail,Technology",,,
aucourant.tennis,available,58,3%,10,"Fashion,Media",,,
accoutred.tennis,available,58,1%,9,"Fashion,Manufacturing,Retail",,,
hexad.tennis,available,58,4%,5,Mathematics,,,
xlviii.tennis,available,56,1%,6,Mathematics,,,
terzetto.tennis,available,56,3%,8,Arts,,,
triad.tennis,available,56,15%,5,Arts,,,
xxxi.tennis,available,56,9%,4,Mathematics,,,
accoutered.tennis,available,56,0%,10,"Fashion,Manufacturing,Retail",,,
xliv.tennis,available,56,2%,4,Mathematics,,,
fiftyfour.tennis,available,56,3%,10,Mathematics,,,
fiftysix.tennis,available,56,4%,9,Mathematics,,,
xli.tennis,available,56,5%,3,Mathematics,,,
ilx.tennis,available,56,5%,3,Mathematics,,,
admissive.tennis,available,56,1%,9,"Education,Healthcare,Hospitality",,,
xxxv.tennis,available,56,4%,4,Mathematics,,,
xxiv.tennis,available,56,5%,4,Mathematics,,,
admittable.tennis,available,56,1%,10,"Education,Healthcare,Hospitality",,,
xxxii.tennis,available,56,1%,5,Mathematics,,,
xxix.tennis,available,56,4%,4,Mathematics,,,
liii.tennis,available,56,4%,4,Mathematics,,,
xxxvii.tennis,available,56,2%,6,Mathematics,,,
fortysix.tennis,available,56,3%,9,Mathematics,,,
lvii.tennis,available,56,1%,4,Mathematics,,,
xlvii.tennis,available,56,2%,5,Mathematics,,,
maledict.tennis,available,56,1%,8,Religion,,,
addled.tennis,available,56,2%,6,Entertainment,,,
xlvi.tennis,available,56,3%,4,Mathematics,,,
fortynine.tennis,available,56,3%,10,Mathematics,,,
xxvii.tennis,available,56,3%,5,Mathematics,,,
xxxvi.tennis,available,56,1%,5,Mathematics,,,
lviii.tennis,available,56,1%,5,Mathematics,,,
xxxviii.tennis,available,56,1%,7,Mathematics,,,
thirtyone.tennis,available,56,5%,10,Mathematics,,,
xxiii.tennis,available,56,5%,5,Mathematics,,,
fortyone.tennis,available,56,4%,9,Mathematics,,,
abdominous.tennis,available,56,0%,10,"Health and Fitness,Medicine",,,
xlv.tennis,available,56,6%,3,Mathematics,,,
halfdozen.tennis,available,56,1%,10,Mathematics,,,
aone.tennis,available,56,15%,5,Food and Beverage,,,
appressed.tennis,available,56,0%,9,"Agriculture,Manufacturing,Retail",,,
fiftynine.tennis,available,56,4%,10,Mathematics,,,
fiftytwo.tennis,available,56,6%,9,Mathematics,,,
fortytwo.tennis,available,56,17%,9,Mathematics,,,
lvi.tennis,available,56,8%,3,Mathematics,,,
thirtytwo.tennis,available,56,5%,10,Mathematics,,,
potbellied.tennis,available,56,0%,10,"Health and Fitness,Medicine",,,
xxxiii.tennis,available,56,2%,6,Mathematics,,,
xliii.tennis,available,56,1%,5,Mathematics,,,
xxxiv.tennis,available,56,1%,5,Mathematics,,,
fiftyone.tennis,available,56,7%,9,Mathematics,,,
fiftyfive.tennis,available,56,7%,10,Mathematics,,,
lii.tennis,available,56,7%,3,Mathematics,,,
admittible.tennis,available,56,1%,10,"Education,Healthcare,Hospitality",,,
xlii.tennis,available,56,5%,4,Mathematics,,,
xxviii.tennis,available,56,1%,6,Mathematics,,,
thirtysix.tennis,available,56,5%,10,Mathematics,,,
abeyant.tennis,available,56,1%,7,"Business,Law",,,
achy.tennis,available,54,3%,4,Healthcare,,,
quaternion.tennis,available,54,6%,10,Mathematics,,,
abaxial.tennis,available,54,1%,7,Science,,,
abasic.tennis,available,54,1%,6,Science,,,
adpressed.tennis,available,54,0%,9,"Agriculture,Manufacturing,Retail",,,
sise.tennis,available,54,5%,4,Mathematics,,,
acoustical.tennis,available,54,4%,10,Science,,,
vii.tennis,available,54,13%,3,Mathematics,,,
adaxial.tennis,available,54,2%,7,Science,,,
quatern.tennis,available,54,2%,7,Mathematics,,,
viii.tennis,available,54,6%,4,Mathematics,,,
adductive.tennis,available,54,0%,9,"Engineering,Mathematics,Science",,,
abatable.tennis,available,54,1%,8,Law,,,
fortyfive.tennis,available,54,4%,10,Mathematics,,,
accentual.tennis,available,54,3%,9,"Arts,Entertainment",,,
threescore.tennis,available,54,1%,10,Mathematics,,,
abhorrent.tennis,available,54,1%,9,Humanities,,,
iii.tennis,available,54,24%,3,Mathematics,,,
twoscore.tennis,available,54,2%,8,Mathematics,,,
deuceace.tennis,available,54,2%,9,Sports,,,
admonitory.tennis,available,54,0%,10,"Business,Education,Healthcare",,,
adducent.tennis,available,54,1%,8,"Engineering,Mathematics,Science",,,
quaternity.tennis,available,54,4%,10,Mathematics,,,
unnatural.tennis,available,54,4%,9,"Medicine,Science",,,
actuated.tennis,available,54,2%,8,"Automotive,Manufacturing,Technology",,,
abient.tennis,available,54,1%,6,Science,,,
adducting.tennis,available,54,1%,9,"Engineering,Mathematics,Science",,,
adjuratory.tennis,available,54,0%,10,"Law,Politics,Religion",,,
abatic.tennis,available,54,1%,6,Science,,,
achromatic.tennis,available,54,4%,10,Science,,,
abducens.tennis,available,54,1%,8,Medicine,,,
quintuplet.tennis,available,54,1%,10,"Healthcare,Medicine,Science",,,
monitory.tennis,available,54,3%,8,"Business,Education,Healthcare",,,
deserted.tennis,available,54,3%,8,"Hospitality,Real Estate",,,
ternion.tennis,available,54,3%,7,Mathematics,,,
scratchy.tennis,available,54,3%,8,Fashion,,,
aboral.tennis,available,54,2%,6,Science,,,
accursed.tennis,available,54,3%,8,"Entertainment,Media,Religion",,,
topnotch.tennis,available,54,18%,8,Business,,,
quadruplet.tennis,available,54,1%,10,"Healthcare,Medicine,Science",,,
fin.tennis,available,54,30%,3,Finance,,,
xxx.tennis,available,53,30%,3,"Arts,Entertainment,Media",,,
sestet.tennis,available,53,1%,6,Arts,,,
septet.tennis,available,53,1%,6,General,,,
lxxxiv.tennis,available,52,1%,6,Mathematics,,,
ablated.tennis,available,52,1%,7,Science,,,
lxxxv.tennis,available,52,1%,5,Mathematics,,,
lxxxvi.tennis,available,52,1%,6,Mathematics,,,
xciv.tennis,available,52,2%,4,Mathematics,,,
ixc.tennis,available,52,5%,3,Mathematics,,,
aboulic.tennis,available,52,1%,7,Medicine,,,
xciii.tennis,available,52,1%,5,Mathematics,,,
lxiii.tennis,available,52,2%,5,Mathematics,,,
xcviii.tennis,available,52,1%,6,Mathematics,,,
lxi.tennis,available,52,5%,3,Mathematics,,,
lxii.tennis,available,52,1%,4,Mathematics,,,
sixtysix.tennis,available,52,4%,9,Mathematics,,,
lxxii.tennis,available,52,1%,5,Mathematics,,,
lxxvii.tennis,available,52,2%,6,Mathematics,,,
xcvi.tennis,available,52,2%,4,Mathematics,,,
abominable.tennis,available,52,2%,10,"Entertainment,Humanities",,,
repugnant.tennis,available,52,1%,9,Humanities,,,
ixl.tennis,available,52,9%,3,Mathematics,,,
adenoidal.tennis,available,52,1%,9,"Health and Fitness,Medicine,Science",,,
lxvi.tennis,available,52,3%,4,Mathematics,,,
chagrined.tennis,available,52,1%,9,Humanities,,,
littlejoe.tennis,available,52,2%,10,"Entertainment,Media",,,
decumbent.tennis,available,52,1%,9,"Healthcare,Medicine,Science",,,
lxxxii.tennis,available,52,1%,6,Mathematics,,,
eightytwo.tennis,available,52,4%,10,Mathematics,,,
xci.tennis,available,52,4%,3,Mathematics,,,
lxxiii.tennis,available,52,1%,6,Mathematics,,,
uphill.tennis,available,52,7%,6,"Sports,Transportation,Travel",,,
lxxxvii.tennis,available,52,1%,7,Mathematics,,,
lxxiv.tennis,available,52,1%,5,Mathematics,,,
sixtyfour.tennis,available,52,3%,10,Mathematics,,,
lxxv.tennis,available,52,1%,4,Mathematics,,,
odious.tennis,available,52,2%,6,"Entertainment,Humanities",,,
abysmal.tennis,available,52,4%,7,"Arts,Entertainment,Media",,,
abusive.tennis,available,52,3%,7,"Healthcare,Law",,,
lxxxiii.tennis,available,52,1%,7,Mathematics,,,
xcii.tennis,available,52,2%,4,Mathematics,,,
ninetysix.tennis,available,52,4%,10,Mathematics,,,
lxviii.tennis,available,52,1%,6,Mathematics,,,
sixtyfive.tennis,available,52,3%,10,Mathematics,,,
repulsive.tennis,available,52,1%,9,Humanities,,,
lxv.tennis,available,52,5%,3,Mathematics,,,
lxxvi.tennis,available,52,1%,5,Mathematics,,,
ninetytwo.tennis,available,52,4%,10,Mathematics,,,
ninetyone.tennis,available,52,5%,10,Mathematics,,,
sixtytwo.tennis,available,52,3%,9,Mathematics,,,
lxiv.tennis,available,52,3%,4,Mathematics,,,
lxvii.tennis,available,52,1%,5,Mathematics,,,
tierce.tennis,available,52,3%,6,General,,,
eightyone.tennis,available,52,3%,10,Mathematics,,,
lxxi.tennis,available,52,1%,4,Mathematics,,,
xcvii.tennis,available,52,1%,5,Mathematics,,,
detestable.tennis,available,52,1%,10,Humanities,,,
xcv.tennis,available,52,7%,3,Mathematics,,,
abstruse.tennis,available,52,5%,8,"Humanities,Mathematics,Science",,,
lxxxi.tennis,available,52,1%,5,Mathematics,,,
ogdoad.tennis,available,50,1%,6,Mathematics,,,
needlelike.tennis,available,50,0%,10,"Engineering,Medicine,Science",,,
quint.tennis,available,50,13%,5,"Arts,Entertainment",,,
abomasal.tennis,available,50,0%,8,Agriculture,,,
abactinal.tennis,available,50,0%,9,Science,,,
acerose.tennis,available,50,1%,7,Science,,,
acerb.tennis,available,50,2%,5,Science,,,
acquitted.tennis,available,50,1%,9,Law,,,
spinous.tennis,available,50,1%,7,"Agriculture,Science",,,
lxx.tennis,available,50,5%,3,Mathematics,,,
adactylous.tennis,available,50,0%,10,Science,,,
abducting.tennis,available,50,0%,9,Medicine,,,
trine.tennis,available,50,11%,5,"General,Religion",,,
triplet.tennis,available,50,8%,7,Science,,,
aculeated.tennis,available,50,0%,9,"Engineering,Medicine,Science",,,
acetose.tennis,available,50,1%,7,Science,,,
vinegary.tennis,available,50,1%,8,Food and Beverage,,,
acapnic.tennis,available,50,0%,7,"Healthcare,Medicine,Science",,,
abranchial.tennis,available,50,0%,10,Science,,,
acerbic.tennis,available,50,2%,7,"Arts,Humanities,Media",,,
aborticide.tennis,available,50,0%,10,Medicine,,,
acellular.tennis,available,50,1%,9,Science,,,
broached.tennis,available,50,0%,8,Food and Beverage,,,
cinque.tennis,available,50,7%,6,Mathematics,,,
gillless.tennis,available,50,0%,9,Science,,,
acapnotic.tennis,available,50,0%,9,"Healthcare,Medicine,Science",,,
acetous.tennis,available,50,1%,7,Science,,,
abbatial.tennis,available,50,0%,8,Religion,,,
acaudal.tennis,available,50,1%,7,"Agriculture,Science",,,
adhominem.tennis,available,50,2%,10,"Humanities,Law,Politics",,,
scummy.tennis,available,50,1%,6,Humanities,,,
abdicable.tennis,available,50,0%,9,Law,,,
notguilty.tennis,available,48,5%,10,Law,,,
abyssal.tennis,available,48,12%,7,"Arts,Entertainment,Media",,,
execrable.tennis,available,48,0%,9,"Entertainment,Humanities",,,
ilxx.tennis,available,48,1%,4,Mathematics,,,
lxxxviii.tennis,available,48,1%,8,Mathematics,,,
ilxxx.tennis,available,48,1%,5,Mathematics,,,
abstracted.tennis,available,48,5%,10,"Arts,Humanities,Science",,,
apriori.tennis,available,48,13%,8,Mathematics,,,
acaudate.tennis,available,46,1%,8,"Agriculture,Science",,,
acheronian.tennis,available,46,1%,10,Humanities,,,
acanthoid.tennis,available,46,1%,9,"Agriculture,Science",,,
vinegarish.tennis,available,46,1%,10,Food and Beverage,,,
acetylic.tennis,available,46,1%,8,Science,,,
acapnial.tennis,available,46,0%,8,"Healthcare,Medicine,Science",,,
theabsurd.tennis,available,46,1%,10,"Arts,Entertainment,Media",,,
achromous.tennis,available,46,1%,9,Science,,,
achromic.tennis,available,46,2%,8,Science,,,
acetylenic.tennis,available,46,1%,10,Science,,,
acanthous.tennis,available,46,0%,9,"Agriculture,Science",,,
acarpelous.tennis,available,46,0%,10,"Agriculture,Science",,,
acarpous.tennis,available,46,0%,8,"Agriculture,Science",,,
acetonic.tennis,available,46,1%,8,Science,,,
quaternary.tennis,available,46,3%,10,Mathematics,,,
acephalous.tennis,available,46,1%,10,Science,,,
acanthotic.tennis,available,46,0%,10,"Agriculture,Science",,,
acicular.tennis,available,46,2%,8,Science,,,
achenial.tennis,available,46,1%,8,Science,,,
acetabular.tennis,available,46,1%,10,Science,,,
cotyloid.tennis,available,46,1%,8,Science,,,
stemless.tennis,available,46,2%,8,"Agriculture,Science",,,
stripling.tennis,available,46,2%,9,"Education,Entertainment,Healthcare",,,
accusatory.tennis,available,44,1%,10,Law,,,
acherontic.tennis,available,44,1%,10,Humanities,,,
cotyloidal.tennis,available,44,1%,10,Science,,,
abscessed.tennis,available,41,0%,9,Healthcare,,,
phoebe.tennis,available,41,14%,6,Science,,,
accusive.tennis,available,40,1%,8,Law,,,
accurst.tennis,available,40,1%,7,Religion,,,
scurrilous.tennis,available,40,1%,10,"Entertainment,Media,Politics",,,